EmployeeID,Name,DateOfJoining
E001,John Smith,2021-03-15
E002,Alice Johnson,2020-07-22
E003,Michael Brown,2019-11-05
E004,Emily Davis,2022-01-10
E005,David Wilson,2018-06-30
E006,Sarah Martinez,2021-09-12
E007,Chris Taylor,2020-02-18
E008,Amanda Moore,2023-04-01
E009,Daniel Thomas,2019-12-09
E010,Jessica Lee,2020-08-25
E011,Andrew White,2021-05-17
E012,Laura Harris,2017-10-03
E013,Steven Clark,2022-06-14
E014,Karen Lewis,2018-03-21
E015,Matthew Walker,2019-07-29
E016,Nancy Hall,2023-01-19
E017,Joshua Allen,2020-10-08
E018,Rebecca Young,2021-12-06
E019,Brian King,2022-09-27
E020,Olivia Wright,2018-11-11
